Method,Job,AnalyzeLaunchVariance,EvaluateOverhead,MaxAbsoluteError,MaxRelativeError,MinInvokeCount,MinIterationTime,OutlierMode,Affinity,EnvironmentVariables,Jit,LargeAddressAware,Platform,PowerPlanMode,Runtime,AllowVeryLargeObjects,Concurrent,CpuGroups,Force,HeapAffinitizeMask,HeapCount,NoAffinitize,RetainVm,Server,Arguments,BuildConfiguration,Clock,EngineFactory,NuGetReferences,Toolchain,IsMutator,InvocationCount,IterationCount,IterationTime,LaunchCount,MaxIterationCount,MaxWarmupIterationCount,MemoryRandomization,MinIterationCount,MinWarmupIterationCount,RunStrategy,UnrollFactor,WarmupCount,N,Mean,Error,StdDev,Median
S8_Ref,Job-BDDEHZ,False,Default,Default,Default,Default,Default,Default,11111111,Empty,RyuJit,Default,X64,8c5e7fda-e8bf-4a96-9a85-a6e23a8c635c,.NET 7.0,False,True,False,True,Default,Default,False,False,False,Default,Default,Default,Default,Default,Default,Default,Default,Default,25.0000 ms,Default,Default,Default,Default,Default,Default,Default,16,Default,1,1.2478 ns,0.0461 ns,0.0408 ns,1.2531 ns
S8_Copy,Job-BDDEHZ,False,Default,Default,Default,Default,Default,Default,11111111,Empty,RyuJit,Default,X64,8c5e7fda-e8bf-4a96-9a85-a6e23a8c635c,.NET 7.0,False,True,False,True,Default,Default,False,False,False,Default,Default,Default,Default,Default,Default,Default,Default,Default,25.0000 ms,Default,Default,Default,Default,Default,Default,Default,16,Default,1,1.2168 ns,0.0497 ns,0.1220 ns,1.2447 ns
S16_Ref,Job-BDDEHZ,False,Default,Default,Default,Default,Default,Default,11111111,Empty,RyuJit,Default,X64,8c5e7fda-e8bf-4a96-9a85-a6e23a8c635c,.NET 7.0,False,True,False,True,Default,Default,False,False,False,Default,Default,Default,Default,Default,Default,Default,Default,Default,25.0000 ms,Default,Default,Default,Default,Default,Default,Default,16,Default,1,1.3348 ns,0.0522 ns,0.0994 ns,1.3218 ns
S16_Copy,Job-BDDEHZ,False,Default,Default,Default,Default,Default,Default,11111111,Empty,RyuJit,Default,X64,8c5e7fda-e8bf-4a96-9a85-a6e23a8c635c,.NET 7.0,False,True,False,True,Default,Default,False,False,False,Default,Default,Default,Default,Default,Default,Default,Default,Default,25.0000 ms,Default,Default,Default,Default,Default,Default,Default,16,Default,1,1.6568 ns,0.0557 ns,0.0851 ns,1.6319 ns
S32_Ref,Job-BDDEHZ,False,Default,Default,Default,Default,Default,Default,11111111,Empty,RyuJit,Default,X64,8c5e7fda-e8bf-4a96-9a85-a6e23a8c635c,.NET 7.0,False,True,False,True,Default,Default,False,False,False,Default,Default,Default,Default,Default,Default,Default,Default,Default,25.0000 ms,Default,Default,Default,Default,Default,Default,Default,16,Default,1,1.8567 ns,0.0585 ns,0.0719 ns,1.8613 ns
S32_Copy,Job-BDDEHZ,False,Default,Default,Default,Default,Default,Default,11111111,Empty,RyuJit,Default,X64,8c5e7fda-e8bf-4a96-9a85-a6e23a8c635c,.NET 7.0,False,True,False,True,Default,Default,False,False,False,Default,Default,Default,Default,Default,Default,Default,Default,Default,25.0000 ms,Default,Default,Default,Default,Default,Default,Default,16,Default,1,8.0122 ns,0.1950 ns,0.2321 ns,8.0000 ns
S64_Ref,Job-BDDEHZ,False,Default,Default,Default,Default,Default,Default,11111111,Empty,RyuJit,Default,X64,8c5e7fda-e8bf-4a96-9a85-a6e23a8c635c,.NET 7.0,False,True,False,True,Default,Default,False,False,False,Default,Default,Default,Default,Default,Default,Default,Default,Default,25.0000 ms,Default,Default,Default,Default,Default,Default,Default,16,Default,1,8.7725 ns,0.1851 ns,0.1818 ns,8.7776 ns
S64_Copy,Job-BDDEHZ,False,Default,Default,Default,Default,Default,Default,11111111,Empty,RyuJit,Default,X64,8c5e7fda-e8bf-4a96-9a85-a6e23a8c635c,.NET 7.0,False,True,False,True,Default,Default,False,False,False,Default,Default,Default,Default,Default,Default,Default,Default,Default,25.0000 ms,Default,Default,Default,Default,Default,Default,Default,16,Default,1,11.6646 ns,0.2593 ns,0.2774 ns,11.6219 ns
S128_Ref,Job-BDDEHZ,False,Default,Default,Default,Default,Default,Default,11111111,Empty,RyuJit,Default,X64,8c5e7fda-e8bf-4a96-9a85-a6e23a8c635c,.NET 7.0,False,True,False,True,Default,Default,False,False,False,Default,Default,Default,Default,Default,Default,Default,Default,Default,25.0000 ms,Default,Default,Default,Default,Default,Default,Default,16,Default,1,34.9170 ns,0.7298 ns,0.9230 ns,34.9387 ns
S128_Copy,Job-BDDEHZ,False,Default,Default,Default,Default,Default,Default,11111111,Empty,RyuJit,Default,X64,8c5e7fda-e8bf-4a96-9a85-a6e23a8c635c,.NET 7.0,False,True,False,True,Default,Default,False,False,False,Default,Default,Default,Default,Default,Default,Default,Default,Default,25.0000 ms,Default,Default,Default,Default,Default,Default,Default,16,Default,1,37.1547 ns,0.7609 ns,1.0158 ns,37.2136 ns
S256_Ref,Job-BDDEHZ,False,Default,Default,Default,Default,Default,Default,11111111,Empty,RyuJit,Default,X64,8c5e7fda-e8bf-4a96-9a85-a6e23a8c635c,.NET 7.0,False,True,False,True,Default,Default,False,False,False,Default,Default,Default,Default,Default,Default,Default,Default,Default,25.0000 ms,Default,Default,Default,Default,Default,Default,Default,16,Default,1,84.4599 ns,1.6194 ns,1.7327 ns,84.8172 ns
S256_Copy,Job-BDDEHZ,False,Default,Default,Default,Default,Default,Default,11111111,Empty,RyuJit,Default,X64,8c5e7fda-e8bf-4a96-9a85-a6e23a8c635c,.NET 7.0,False,True,False,True,Default,Default,False,False,False,Default,Default,Default,Default,Default,Default,Default,Default,Default,25.0000 ms,Default,Default,Default,Default,Default,Default,Default,16,Default,1,99.4094 ns,1.8399 ns,2.1903 ns,99.8644 ns
S8M_Ref,Job-BDDEHZ,False,Default,Default,Default,Default,Default,Default,11111111,Empty,RyuJit,Default,X64,8c5e7fda-e8bf-4a96-9a85-a6e23a8c635c,.NET 7.0,False,True,False,True,Default,Default,False,False,False,Default,Default,Default,Default,Default,Default,Default,Default,Default,25.0000 ms,Default,Default,Default,Default,Default,Default,Default,16,Default,1,1.6878 ns,0.0949 ns,0.2691 ns,1.8132 ns
S8M_Copy,Job-BDDEHZ,False,Default,Default,Default,Default,Default,Default,11111111,Empty,RyuJit,Default,X64,8c5e7fda-e8bf-4a96-9a85-a6e23a8c635c,.NET 7.0,False,True,False,True,Default,Default,False,False,False,Default,Default,Default,Default,Default,Default,Default,Default,Default,25.0000 ms,Default,Default,Default,Default,Default,Default,Default,16,Default,1,1.2471 ns,0.0533 ns,0.1367 ns,1.2097 ns
S16M_Ref,Job-BDDEHZ,False,Default,Default,Default,Default,Default,Default,11111111,Empty,RyuJit,Default,X64,8c5e7fda-e8bf-4a96-9a85-a6e23a8c635c,.NET 7.0,False,True,False,True,Default,Default,False,False,False,Default,Default,Default,Default,Default,Default,Default,Default,Default,25.0000 ms,Default,Default,Default,Default,Default,Default,Default,16,Default,1,1.5035 ns,0.0540 ns,0.1091 ns,1.5380 ns
S16M_Copy,Job-BDDEHZ,False,Default,Default,Default,Default,Default,Default,11111111,Empty,RyuJit,Default,X64,8c5e7fda-e8bf-4a96-9a85-a6e23a8c635c,.NET 7.0,False,True,False,True,Default,Default,False,False,False,Default,Default,Default,Default,Default,Default,Default,Default,Default,25.0000 ms,Default,Default,Default,Default,Default,Default,Default,16,Default,1,1.8362 ns,0.0442 ns,0.0413 ns,1.8450 ns
S32M_Ref,Job-BDDEHZ,False,Default,Default,Default,Default,Default,Default,11111111,Empty,RyuJit,Default,X64,8c5e7fda-e8bf-4a96-9a85-a6e23a8c635c,.NET 7.0,False,True,False,True,Default,Default,False,False,False,Default,Default,Default,Default,Default,Default,Default,Default,Default,25.0000 ms,Default,Default,Default,Default,Default,Default,Default,16,Default,1,1.9572 ns,0.0424 ns,0.0397 ns,1.9786 ns
S32M_Copy,Job-BDDEHZ,False,Default,Default,Default,Default,Default,Default,11111111,Empty,RyuJit,Default,X64,8c5e7fda-e8bf-4a96-9a85-a6e23a8c635c,.NET 7.0,False,True,False,True,Default,Default,False,False,False,Default,Default,Default,Default,Default,Default,Default,Default,Default,25.0000 ms,Default,Default,Default,Default,Default,Default,Default,16,Default,1,9.1730 ns,0.2069 ns,0.2967 ns,9.2289 ns
S64M_Ref,Job-BDDEHZ,False,Default,Default,Default,Default,Default,Default,11111111,Empty,RyuJit,Default,X64,8c5e7fda-e8bf-4a96-9a85-a6e23a8c635c,.NET 7.0,False,True,False,True,Default,Default,False,False,False,Default,Default,Default,Default,Default,Default,Default,Default,Default,25.0000 ms,Default,Default,Default,Default,Default,Default,Default,16,Default,1,8.8361 ns,0.2020 ns,0.2765 ns,8.7285 ns
S64M_Copy,Job-BDDEHZ,False,Default,Default,Default,Default,Default,Default,11111111,Empty,RyuJit,Default,X64,8c5e7fda-e8bf-4a96-9a85-a6e23a8c635c,.NET 7.0,False,True,False,True,Default,Default,False,False,False,Default,Default,Default,Default,Default,Default,Default,Default,Default,25.0000 ms,Default,Default,Default,Default,Default,Default,Default,16,Default,1,10.6393 ns,0.4728 ns,1.3792 ns,10.2773 ns
S128M_Ref,Job-BDDEHZ,False,Default,Default,Default,Default,Default,Default,11111111,Empty,RyuJit,Default,X64,8c5e7fda-e8bf-4a96-9a85-a6e23a8c635c,.NET 7.0,False,True,False,True,Default,Default,False,False,False,Default,Default,Default,Default,Default,Default,Default,Default,Default,25.0000 ms,Default,Default,Default,Default,Default,Default,Default,16,Default,1,35.5049 ns,0.7266 ns,1.6548 ns,35.4014 ns
S128M_Copy,Job-BDDEHZ,False,Default,Default,Default,Default,Default,Default,11111111,Empty,RyuJit,Default,X64,8c5e7fda-e8bf-4a96-9a85-a6e23a8c635c,.NET 7.0,False,True,False,True,Default,Default,False,False,False,Default,Default,Default,Default,Default,Default,Default,Default,Default,25.0000 ms,Default,Default,Default,Default,Default,Default,Default,16,Default,1,40.0029 ns,0.8200 ns,2.3919 ns,40.0449 ns
S256M_Ref,Job-BDDEHZ,False,Default,Default,Default,Default,Default,Default,11111111,Empty,RyuJit,Default,X64,8c5e7fda-e8bf-4a96-9a85-a6e23a8c635c,.NET 7.0,False,True,False,True,Default,Default,False,False,False,Default,Default,Default,Default,Default,Default,Default,Default,Default,25.0000 ms,Default,Default,Default,Default,Default,Default,Default,16,Default,1,87.3462 ns,1.7113 ns,2.1016 ns,87.3658 ns
S256M_Copy,Job-BDDEHZ,False,Default,Default,Default,Default,Default,Default,11111111,Empty,RyuJit,Default,X64,8c5e7fda-e8bf-4a96-9a85-a6e23a8c635c,.NET 7.0,False,True,False,True,Default,Default,False,False,False,Default,Default,Default,Default,Default,Default,Default,Default,Default,25.0000 ms,Default,Default,Default,Default,Default,Default,Default,16,Default,1,100.0590 ns,2.0221 ns,5.0732 ns,99.7387 ns
S8_NoOp_Ref,Job-BDDEHZ,False,Default,Default,Default,Default,Default,Default,11111111,Empty,RyuJit,Default,X64,8c5e7fda-e8bf-4a96-9a85-a6e23a8c635c,.NET 7.0,False,True,False,True,Default,Default,False,False,False,Default,Default,Default,Default,Default,Default,Default,Default,Default,25.0000 ms,Default,Default,Default,Default,Default,Default,Default,16,Default,1,1.5122 ns,0.0555 ns,0.1583 ns,1.4998 ns
S8_NoOp_Copy,Job-BDDEHZ,False,Default,Default,Default,Default,Default,Default,11111111,Empty,RyuJit,Default,X64,8c5e7fda-e8bf-4a96-9a85-a6e23a8c635c,.NET 7.0,False,True,False,True,Default,Default,False,False,False,Default,Default,Default,Default,Default,Default,Default,Default,Default,25.0000 ms,Default,Default,Default,Default,Default,Default,Default,16,Default,1,1.2190 ns,0.0489 ns,0.1314 ns,1.2179 ns
S16_NoOp_Ref,Job-BDDEHZ,False,Default,Default,Default,Default,Default,Default,11111111,Empty,RyuJit,Default,X64,8c5e7fda-e8bf-4a96-9a85-a6e23a8c635c,.NET 7.0,False,True,False,True,Default,Default,False,False,False,Default,Default,Default,Default,Default,Default,Default,Default,Default,25.0000 ms,Default,Default,Default,Default,Default,Default,Default,16,Default,1,1.4288 ns,0.0534 ns,0.1269 ns,1.4373 ns
S16_NoOp_Copy,Job-BDDEHZ,False,Default,Default,Default,Default,Default,Default,11111111,Empty,RyuJit,Default,X64,8c5e7fda-e8bf-4a96-9a85-a6e23a8c635c,.NET 7.0,False,True,False,True,Default,Default,False,False,False,Default,Default,Default,Default,Default,Default,Default,Default,Default,25.0000 ms,Default,Default,Default,Default,Default,Default,Default,16,Default,1,1.7141 ns,0.0593 ns,0.1433 ns,1.7278 ns
S32_NoOp_Ref,Job-BDDEHZ,False,Default,Default,Default,Default,Default,Default,11111111,Empty,RyuJit,Default,X64,8c5e7fda-e8bf-4a96-9a85-a6e23a8c635c,.NET 7.0,False,True,False,True,Default,Default,False,False,False,Default,Default,Default,Default,Default,Default,Default,Default,Default,25.0000 ms,Default,Default,Default,Default,Default,Default,Default,16,Default,1,0.9257 ns,0.0533 ns,0.0830 ns,0.9078 ns
S32_NoOp_Copy,Job-BDDEHZ,False,Default,Default,Default,Default,Default,Default,11111111,Empty,RyuJit,Default,X64,8c5e7fda-e8bf-4a96-9a85-a6e23a8c635c,.NET 7.0,False,True,False,True,Default,Default,False,False,False,Default,Default,Default,Default,Default,Default,Default,Default,Default,25.0000 ms,Default,Default,Default,Default,Default,Default,Default,16,Default,1,5.0439 ns,0.1305 ns,0.1553 ns,5.0185 ns
S64_NoOp_Ref,Job-BDDEHZ,False,Default,Default,Default,Default,Default,Default,11111111,Empty,RyuJit,Default,X64,8c5e7fda-e8bf-4a96-9a85-a6e23a8c635c,.NET 7.0,False,True,False,True,Default,Default,False,False,False,Default,Default,Default,Default,Default,Default,Default,Default,Default,25.0000 ms,Default,Default,Default,Default,Default,Default,Default,16,Default,1,5.6811 ns,0.1380 ns,0.1843 ns,5.6562 ns
S64_NoOp_Copy,Job-BDDEHZ,False,Default,Default,Default,Default,Default,Default,11111111,Empty,RyuJit,Default,X64,8c5e7fda-e8bf-4a96-9a85-a6e23a8c635c,.NET 7.0,False,True,False,True,Default,Default,False,False,False,Default,Default,Default,Default,Default,Default,Default,Default,Default,25.0000 ms,Default,Default,Default,Default,Default,Default,Default,16,Default,1,7.7134 ns,0.1718 ns,0.1435 ns,7.6813 ns
S128_NoOp_Ref,Job-BDDEHZ,False,Default,Default,Default,Default,Default,Default,11111111,Empty,RyuJit,Default,X64,8c5e7fda-e8bf-4a96-9a85-a6e23a8c635c,.NET 7.0,False,True,False,True,Default,Default,False,False,False,Default,Default,Default,Default,Default,Default,Default,Default,Default,25.0000 ms,Default,Default,Default,Default,Default,Default,Default,16,Default,1,34.9747 ns,0.7152 ns,1.0922 ns,34.8179 ns
S128_NoOp_Copy,Job-BDDEHZ,False,Default,Default,Default,Default,Default,Default,11111111,Empty,RyuJit,Default,X64,8c5e7fda-e8bf-4a96-9a85-a6e23a8c635c,.NET 7.0,False,True,False,True,Default,Default,False,False,False,Default,Default,Default,Default,Default,Default,Default,Default,Default,25.0000 ms,Default,Default,Default,Default,Default,Default,Default,16,Default,1,35.4445 ns,0.5727 ns,0.5077 ns,35.5595 ns
S256_NoOp_Ref,Job-BDDEHZ,False,Default,Default,Default,Default,Default,Default,11111111,Empty,RyuJit,Default,X64,8c5e7fda-e8bf-4a96-9a85-a6e23a8c635c,.NET 7.0,False,True,False,True,Default,Default,False,False,False,Default,Default,Default,Default,Default,Default,Default,Default,Default,25.0000 ms,Default,Default,Default,Default,Default,Default,Default,16,Default,1,83.5843 ns,1.6926 ns,2.8742 ns,83.6110 ns
S256_NoOp_Copy,Job-BDDEHZ,False,Default,Default,Default,Default,Default,Default,11111111,Empty,RyuJit,Default,X64,8c5e7fda-e8bf-4a96-9a85-a6e23a8c635c,.NET 7.0,False,True,False,True,Default,Default,False,False,False,Default,Default,Default,Default,Default,Default,Default,Default,Default,25.0000 ms,Default,Default,Default,Default,Default,Default,Default,16,Default,1,92.2094 ns,1.8759 ns,1.8424 ns,91.9991 ns
S8_Ref,Job-BDDEHZ,False,Default,Default,Default,Default,Default,Default,11111111,Empty,RyuJit,Default,X64,8c5e7fda-e8bf-4a96-9a85-a6e23a8c635c,.NET 7.0,False,True,False,True,Default,Default,False,False,False,Default,Default,Default,Default,Default,Default,Default,Default,Default,25.0000 ms,Default,Default,Default,Default,Default,Default,Default,16,Default,10,9.1479 ns,0.2193 ns,0.4226 ns,9.0310 ns
S8_Copy,Job-BDDEHZ,False,Default,Default,Default,Default,Default,Default,11111111,Empty,RyuJit,Default,X64,8c5e7fda-e8bf-4a96-9a85-a6e23a8c635c,.NET 7.0,False,True,False,True,Default,Default,False,False,False,Default,Default,Default,Default,Default,Default,Default,Default,Default,25.0000 ms,Default,Default,Default,Default,Default,Default,Default,16,Default,10,9.8214 ns,0.2200 ns,0.4874 ns,9.8501 ns
S16_Ref,Job-BDDEHZ,False,Default,Default,Default,Default,Default,Default,11111111,Empty,RyuJit,Default,X64,8c5e7fda-e8bf-4a96-9a85-a6e23a8c635c,.NET 7.0,False,True,False,True,Default,Default,False,False,False,Default,Default,Default,Default,Default,Default,Default,Default,Default,25.0000 ms,Default,Default,Default,Default,Default,Default,Default,16,Default,10,10.3576 ns,0.2961 ns,0.8304 ns,10.3927 ns
S16_Copy,Job-BDDEHZ,False,Default,Default,Default,Default,Default,Default,11111111,Empty,RyuJit,Default,X64,8c5e7fda-e8bf-4a96-9a85-a6e23a8c635c,.NET 7.0,False,True,False,True,Default,Default,False,False,False,Default,Default,Default,Default,Default,Default,Default,Default,Default,25.0000 ms,Default,Default,Default,Default,Default,Default,Default,16,Default,10,11.1612 ns,0.2487 ns,0.5764 ns,11.1411 ns
S32_Ref,Job-BDDEHZ,False,Default,Default,Default,Default,Default,Default,11111111,Empty,RyuJit,Default,X64,8c5e7fda-e8bf-4a96-9a85-a6e23a8c635c,.NET 7.0,False,True,False,True,Default,Default,False,False,False,Default,Default,Default,Default,Default,Default,Default,Default,Default,25.0000 ms,Default,Default,Default,Default,Default,Default,Default,16,Default,10,13.0727 ns,0.2870 ns,0.6478 ns,13.2573 ns
S32_Copy,Job-BDDEHZ,False,Default,Default,Default,Default,Default,Default,11111111,Empty,RyuJit,Default,X64,8c5e7fda-e8bf-4a96-9a85-a6e23a8c635c,.NET 7.0,False,True,False,True,Default,Default,False,False,False,Default,Default,Default,Default,Default,Default,Default,Default,Default,25.0000 ms,Default,Default,Default,Default,Default,Default,Default,16,Default,10,23.2438 ns,0.4989 ns,0.9492 ns,22.7505 ns
S64_Ref,Job-BDDEHZ,False,Default,Default,Default,Default,Default,Default,11111111,Empty,RyuJit,Default,X64,8c5e7fda-e8bf-4a96-9a85-a6e23a8c635c,.NET 7.0,False,True,False,True,Default,Default,False,False,False,Default,Default,Default,Default,Default,Default,Default,Default,Default,25.0000 ms,Default,Default,Default,Default,Default,Default,Default,16,Default,10,30.0954 ns,0.6243 ns,1.6225 ns,29.4404 ns
S64_Copy,Job-BDDEHZ,False,Default,Default,Default,Default,Default,Default,11111111,Empty,RyuJit,Default,X64,8c5e7fda-e8bf-4a96-9a85-a6e23a8c635c,.NET 7.0,False,True,False,True,Default,Default,False,False,False,Default,Default,Default,Default,Default,Default,Default,Default,Default,25.0000 ms,Default,Default,Default,Default,Default,Default,Default,16,Default,10,38.1535 ns,0.7831 ns,1.0719 ns,38.1615 ns
S128_Ref,Job-BDDEHZ,False,Default,Default,Default,Default,Default,Default,11111111,Empty,RyuJit,Default,X64,8c5e7fda-e8bf-4a96-9a85-a6e23a8c635c,.NET 7.0,False,True,False,True,Default,Default,False,False,False,Default,Default,Default,Default,Default,Default,Default,Default,Default,25.0000 ms,Default,Default,Default,Default,Default,Default,Default,16,Default,10,76.6855 ns,1.5466 ns,2.1170 ns,76.1863 ns
S128_Copy,Job-BDDEHZ,False,Default,Default,Default,Default,Default,Default,11111111,Empty,RyuJit,Default,X64,8c5e7fda-e8bf-4a96-9a85-a6e23a8c635c,.NET 7.0,False,True,False,True,Default,Default,False,False,False,Default,Default,Default,Default,Default,Default,Default,Default,Default,25.0000 ms,Default,Default,Default,Default,Default,Default,Default,16,Default,10,139.1309 ns,2.8576 ns,4.6951 ns,139.0838 ns
S256_Ref,Job-BDDEHZ,False,Default,Default,Default,Default,Default,Default,11111111,Empty,RyuJit,Default,X64,8c5e7fda-e8bf-4a96-9a85-a6e23a8c635c,.NET 7.0,False,True,False,True,Default,Default,False,False,False,Default,Default,Default,Default,Default,Default,Default,Default,Default,25.0000 ms,Default,Default,Default,Default,Default,Default,Default,16,Default,10,161.4068 ns,3.1982 ns,4.7868 ns,161.1105 ns
S256_Copy,Job-BDDEHZ,False,Default,Default,Default,Default,Default,Default,11111111,Empty,RyuJit,Default,X64,8c5e7fda-e8bf-4a96-9a85-a6e23a8c635c,.NET 7.0,False,True,False,True,Default,Default,False,False,False,Default,Default,Default,Default,Default,Default,Default,Default,Default,25.0000 ms,Default,Default,Default,Default,Default,Default,Default,16,Default,10,234.6898 ns,4.8173 ns,13.8218 ns,229.3188 ns
S8M_Ref,Job-BDDEHZ,False,Default,Default,Default,Default,Default,Default,11111111,Empty,RyuJit,Default,X64,8c5e7fda-e8bf-4a96-9a85-a6e23a8c635c,.NET 7.0,False,True,False,True,Default,Default,False,False,False,Default,Default,Default,Default,Default,Default,Default,Default,Default,25.0000 ms,Default,Default,Default,Default,Default,Default,Default,16,Default,10,9.4201 ns,0.2360 ns,0.6772 ns,9.2040 ns
S8M_Copy,Job-BDDEHZ,False,Default,Default,Default,Default,Default,Default,11111111,Empty,RyuJit,Default,X64,8c5e7fda-e8bf-4a96-9a85-a6e23a8c635c,.NET 7.0,False,True,False,True,Default,Default,False,False,False,Default,Default,Default,Default,Default,Default,Default,Default,Default,25.0000 ms,Default,Default,Default,Default,Default,Default,Default,16,Default,10,8.5331 ns,0.1669 ns,0.1394 ns,8.5501 ns
S16M_Ref,Job-BDDEHZ,False,Default,Default,Default,Default,Default,Default,11111111,Empty,RyuJit,Default,X64,8c5e7fda-e8bf-4a96-9a85-a6e23a8c635c,.NET 7.0,False,True,False,True,Default,Default,False,False,False,Default,Default,Default,Default,Default,Default,Default,Default,Default,25.0000 ms,Default,Default,Default,Default,Default,Default,Default,16,Default,10,9.6566 ns,0.2189 ns,0.5881 ns,9.5592 ns
S16M_Copy,Job-BDDEHZ,False,Default,Default,Default,Default,Default,Default,11111111,Empty,RyuJit,Default,X64,8c5e7fda-e8bf-4a96-9a85-a6e23a8c635c,.NET 7.0,False,True,False,True,Default,Default,False,False,False,Default,Default,Default,Default,Default,Default,Default,Default,Default,25.0000 ms,Default,Default,Default,Default,Default,Default,Default,16,Default,10,10.4050 ns,0.2432 ns,0.6057 ns,10.2660 ns
S32M_Ref,Job-BDDEHZ,False,Default,Default,Default,Default,Default,Default,11111111,Empty,RyuJit,Default,X64,8c5e7fda-e8bf-4a96-9a85-a6e23a8c635c,.NET 7.0,False,True,False,True,Default,Default,False,False,False,Default,Default,Default,Default,Default,Default,Default,Default,Default,25.0000 ms,Default,Default,Default,Default,Default,Default,Default,16,Default,10,13.4171 ns,0.4244 ns,1.1327 ns,13.3174 ns
S32M_Copy,Job-BDDEHZ,False,Default,Default,Default,Default,Default,Default,11111111,Empty,RyuJit,Default,X64,8c5e7fda-e8bf-4a96-9a85-a6e23a8c635c,.NET 7.0,False,True,False,True,Default,Default,False,False,False,Default,Default,Default,Default,Default,Default,Default,Default,Default,25.0000 ms,Default,Default,Default,Default,Default,Default,Default,16,Default,10,24.8927 ns,0.5139 ns,0.5047 ns,24.7719 ns
S64M_Ref,Job-BDDEHZ,False,Default,Default,Default,Default,Default,Default,11111111,Empty,RyuJit,Default,X64,8c5e7fda-e8bf-4a96-9a85-a6e23a8c635c,.NET 7.0,False,True,False,True,Default,Default,False,False,False,Default,Default,Default,Default,Default,Default,Default,Default,Default,25.0000 ms,Default,Default,Default,Default,Default,Default,Default,16,Default,10,30.1493 ns,0.6281 ns,1.5758 ns,30.0340 ns
S64M_Copy,Job-BDDEHZ,False,Default,Default,Default,Default,Default,Default,11111111,Empty,RyuJit,Default,X64,8c5e7fda-e8bf-4a96-9a85-a6e23a8c635c,.NET 7.0,False,True,False,True,Default,Default,False,False,False,Default,Default,Default,Default,Default,Default,Default,Default,Default,25.0000 ms,Default,Default,Default,Default,Default,Default,Default,16,Default,10,37.4488 ns,0.7657 ns,1.2580 ns,37.3445 ns
S128M_Ref,Job-BDDEHZ,False,Default,Default,Default,Default,Default,Default,11111111,Empty,RyuJit,Default,X64,8c5e7fda-e8bf-4a96-9a85-a6e23a8c635c,.NET 7.0,False,True,False,True,Default,Default,False,False,False,Default,Default,Default,Default,Default,Default,Default,Default,Default,25.0000 ms,Default,Default,Default,Default,Default,Default,Default,16,Default,10,75.4916 ns,1.5221 ns,2.3244 ns,74.6810 ns
S128M_Copy,Job-BDDEHZ,False,Default,Default,Default,Default,Default,Default,11111111,Empty,RyuJit,Default,X64,8c5e7fda-e8bf-4a96-9a85-a6e23a8c635c,.NET 7.0,False,True,False,True,Default,Default,False,False,False,Default,Default,Default,Default,Default,Default,Default,Default,Default,25.0000 ms,Default,Default,Default,Default,Default,Default,Default,16,Default,10,140.0343 ns,2.8163 ns,5.6245 ns,138.5700 ns
S256M_Ref,Job-BDDEHZ,False,Default,Default,Default,Default,Default,Default,11111111,Empty,RyuJit,Default,X64,8c5e7fda-e8bf-4a96-9a85-a6e23a8c635c,.NET 7.0,False,True,False,True,Default,Default,False,False,False,Default,Default,Default,Default,Default,Default,Default,Default,Default,25.0000 ms,Default,Default,Default,Default,Default,Default,Default,16,Default,10,164.2619 ns,3.2050 ns,3.8153 ns,165.7027 ns
S256M_Copy,Job-BDDEHZ,False,Default,Default,Default,Default,Default,Default,11111111,Empty,RyuJit,Default,X64,8c5e7fda-e8bf-4a96-9a85-a6e23a8c635c,.NET 7.0,False,True,False,True,Default,Default,False,False,False,Default,Default,Default,Default,Default,Default,Default,Default,Default,25.0000 ms,Default,Default,Default,Default,Default,Default,Default,16,Default,10,238.8467 ns,4.6973 ns,7.4504 ns,239.9604 ns
S8_NoOp_Ref,Job-BDDEHZ,False,Default,Default,Default,Default,Default,Default,11111111,Empty,RyuJit,Default,X64,8c5e7fda-e8bf-4a96-9a85-a6e23a8c635c,.NET 7.0,False,True,False,True,Default,Default,False,False,False,Default,Default,Default,Default,Default,Default,Default,Default,Default,25.0000 ms,Default,Default,Default,Default,Default,Default,Default,16,Default,10,11.8410 ns,0.2635 ns,0.3862 ns,11.9323 ns
S8_NoOp_Copy,Job-BDDEHZ,False,Default,Default,Default,Default,Default,Default,11111111,Empty,RyuJit,Default,X64,8c5e7fda-e8bf-4a96-9a85-a6e23a8c635c,.NET 7.0,False,True,False,True,Default,Default,False,False,False,Default,Default,Default,Default,Default,Default,Default,Default,Default,25.0000 ms,Default,Default,Default,Default,Default,Default,Default,16,Default,10,9.9866 ns,0.2256 ns,0.3307 ns,10.0754 ns
S16_NoOp_Ref,Job-BDDEHZ,False,Default,Default,Default,Default,Default,Default,11111111,Empty,RyuJit,Default,X64,8c5e7fda-e8bf-4a96-9a85-a6e23a8c635c,.NET 7.0,False,True,False,True,Default,Default,False,False,False,Default,Default,Default,Default,Default,Default,Default,Default,Default,25.0000 ms,Default,Default,Default,Default,Default,Default,Default,16,Default,10,9.9109 ns,0.2215 ns,0.4672 ns,10.0318 ns
S16_NoOp_Copy,Job-BDDEHZ,False,Default,Default,Default,Default,Default,Default,11111111,Empty,RyuJit,Default,X64,8c5e7fda-e8bf-4a96-9a85-a6e23a8c635c,.NET 7.0,False,True,False,True,Default,Default,False,False,False,Default,Default,Default,Default,Default,Default,Default,Default,Default,25.0000 ms,Default,Default,Default,Default,Default,Default,Default,16,Default,10,12.3660 ns,0.2714 ns,0.6127 ns,12.5105 ns
S32_NoOp_Ref,Job-BDDEHZ,False,Default,Default,Default,Default,Default,Default,11111111,Empty,RyuJit,Default,X64,8c5e7fda-e8bf-4a96-9a85-a6e23a8c635c,.NET 7.0,False,True,False,True,Default,Default,False,False,False,Default,Default,Default,Default,Default,Default,Default,Default,Default,25.0000 ms,Default,Default,Default,Default,Default,Default,Default,16,Default,10,10.9577 ns,0.2455 ns,0.6159 ns,11.0975 ns
S32_NoOp_Copy,Job-BDDEHZ,False,Default,Default,Default,Default,Default,Default,11111111,Empty,RyuJit,Default,X64,8c5e7fda-e8bf-4a96-9a85-a6e23a8c635c,.NET 7.0,False,True,False,True,Default,Default,False,False,False,Default,Default,Default,Default,Default,Default,Default,Default,Default,25.0000 ms,Default,Default,Default,Default,Default,Default,Default,16,Default,10,10.5236 ns,0.2340 ns,0.5037 ns,10.5068 ns
S64_NoOp_Ref,Job-BDDEHZ,False,Default,Default,Default,Default,Default,Default,11111111,Empty,RyuJit,Default,X64,8c5e7fda-e8bf-4a96-9a85-a6e23a8c635c,.NET 7.0,False,True,False,True,Default,Default,False,False,False,Default,Default,Default,Default,Default,Default,Default,Default,Default,25.0000 ms,Default,Default,Default,Default,Default,Default,Default,16,Default,10,11.6025 ns,0.2417 ns,0.4481 ns,11.5025 ns
S64_NoOp_Copy,Job-BDDEHZ,False,Default,Default,Default,Default,Default,Default,11111111,Empty,RyuJit,Default,X64,8c5e7fda-e8bf-4a96-9a85-a6e23a8c635c,.NET 7.0,False,True,False,True,Default,Default,False,False,False,Default,Default,Default,Default,Default,Default,Default,Default,Default,25.0000 ms,Default,Default,Default,Default,Default,Default,Default,16,Default,10,14.0477 ns,0.3062 ns,0.6591 ns,14.0473 ns
S128_NoOp_Ref,Job-BDDEHZ,False,Default,Default,Default,Default,Default,Default,11111111,Empty,RyuJit,Default,X64,8c5e7fda-e8bf-4a96-9a85-a6e23a8c635c,.NET 7.0,False,True,False,True,Default,Default,False,False,False,Default,Default,Default,Default,Default,Default,Default,Default,Default,25.0000 ms,Default,Default,Default,Default,Default,Default,Default,16,Default,10,42.8793 ns,0.8798 ns,1.4207 ns,42.7291 ns
S128_NoOp_Copy,Job-BDDEHZ,False,Default,Default,Default,Default,Default,Default,11111111,Empty,RyuJit,Default,X64,8c5e7fda-e8bf-4a96-9a85-a6e23a8c635c,.NET 7.0,False,True,False,True,Default,Default,False,False,False,Default,Default,Default,Default,Default,Default,Default,Default,Default,25.0000 ms,Default,Default,Default,Default,Default,Default,Default,16,Default,10,118.5255 ns,2.3585 ns,3.2283 ns,118.3125 ns
S256_NoOp_Ref,Job-BDDEHZ,False,Default,Default,Default,Default,Default,Default,11111111,Empty,RyuJit,Default,X64,8c5e7fda-e8bf-4a96-9a85-a6e23a8c635c,.NET 7.0,False,True,False,True,Default,Default,False,False,False,Default,Default,Default,Default,Default,Default,Default,Default,Default,25.0000 ms,Default,Default,Default,Default,Default,Default,Default,16,Default,10,90.9667 ns,1.6943 ns,2.7361 ns,90.1833 ns
S256_NoOp_Copy,Job-BDDEHZ,False,Default,Default,Default,Default,Default,Default,11111111,Empty,RyuJit,Default,X64,8c5e7fda-e8bf-4a96-9a85-a6e23a8c635c,.NET 7.0,False,True,False,True,Default,Default,False,False,False,Default,Default,Default,Default,Default,Default,Default,Default,Default,25.0000 ms,Default,Default,Default,Default,Default,Default,Default,16,Default,10,168.4987 ns,3.3808 ns,5.5547 ns,166.4391 ns
S8_Ref,Job-BDDEHZ,False,Default,Default,Default,Default,Default,Default,11111111,Empty,RyuJit,Default,X64,8c5e7fda-e8bf-4a96-9a85-a6e23a8c635c,.NET 7.0,False,True,False,True,Default,Default,False,False,False,Default,Default,Default,Default,Default,Default,Default,Default,Default,25.0000 ms,Default,Default,Default,Default,Default,Default,Default,16,Default,100,123.7307 ns,2.4944 ns,4.5611 ns,122.5931 ns
S8_Copy,Job-BDDEHZ,False,Default,Default,Default,Default,Default,Default,11111111,Empty,RyuJit,Default,X64,8c5e7fda-e8bf-4a96-9a85-a6e23a8c635c,.NET 7.0,False,True,False,True,Default,Default,False,False,False,Default,Default,Default,Default,Default,Default,Default,Default,Default,25.0000 ms,Default,Default,Default,Default,Default,Default,Default,16,Default,100,99.6940 ns,1.9671 ns,1.8400 ns,99.3699 ns
S16_Ref,Job-BDDEHZ,False,Default,Default,Default,Default,Default,Default,11111111,Empty,RyuJit,Default,X64,8c5e7fda-e8bf-4a96-9a85-a6e23a8c635c,.NET 7.0,False,True,False,True,Default,Default,False,False,False,Default,Default,Default,Default,Default,Default,Default,Default,Default,25.0000 ms,Default,Default,Default,Default,Default,Default,Default,16,Default,100,121.0835 ns,2.4535 ns,3.5964 ns,120.1992 ns
S16_Copy,Job-BDDEHZ,False,Default,Default,Default,Default,Default,Default,11111111,Empty,RyuJit,Default,X64,8c5e7fda-e8bf-4a96-9a85-a6e23a8c635c,.NET 7.0,False,True,False,True,Default,Default,False,False,False,Default,Default,Default,Default,Default,Default,Default,Default,Default,25.0000 ms,Default,Default,Default,Default,Default,Default,Default,16,Default,100,130.8148 ns,2.6301 ns,6.1995 ns,131.9581 ns
S32_Ref,Job-BDDEHZ,False,Default,Default,Default,Default,Default,Default,11111111,Empty,RyuJit,Default,X64,8c5e7fda-e8bf-4a96-9a85-a6e23a8c635c,.NET 7.0,False,True,False,True,Default,Default,False,False,False,Default,Default,Default,Default,Default,Default,Default,Default,Default,25.0000 ms,Default,Default,Default,Default,Default,Default,Default,16,Default,100,134.1458 ns,2.4749 ns,3.8532 ns,133.2410 ns
S32_Copy,Job-BDDEHZ,False,Default,Default,Default,Default,Default,Default,11111111,Empty,RyuJit,Default,X64,8c5e7fda-e8bf-4a96-9a85-a6e23a8c635c,.NET 7.0,False,True,False,True,Default,Default,False,False,False,Default,Default,Default,Default,Default,Default,Default,Default,Default,25.0000 ms,Default,Default,Default,Default,Default,Default,Default,16,Default,100,211.6290 ns,4.2367 ns,6.2101 ns,212.6834 ns
S64_Ref,Job-BDDEHZ,False,Default,Default,Default,Default,Default,Default,11111111,Empty,RyuJit,Default,X64,8c5e7fda-e8bf-4a96-9a85-a6e23a8c635c,.NET 7.0,False,True,False,True,Default,Default,False,False,False,Default,Default,Default,Default,Default,Default,Default,Default,Default,25.0000 ms,Default,Default,Default,Default,Default,Default,Default,16,Default,100,236.6538 ns,4.7551 ns,10.1335 ns,236.8428 ns
S64_Copy,Job-BDDEHZ,False,Default,Default,Default,Default,Default,Default,11111111,Empty,RyuJit,Default,X64,8c5e7fda-e8bf-4a96-9a85-a6e23a8c635c,.NET 7.0,False,True,False,True,Default,Default,False,False,False,Default,Default,Default,Default,Default,Default,Default,Default,Default,25.0000 ms,Default,Default,Default,Default,Default,Default,Default,16,Default,100,318.0881 ns,6.3721 ns,9.1386 ns,319.0555 ns
S128_Ref,Job-BDDEHZ,False,Default,Default,Default,Default,Default,Default,11111111,Empty,RyuJit,Default,X64,8c5e7fda-e8bf-4a96-9a85-a6e23a8c635c,.NET 7.0,False,True,False,True,Default,Default,False,False,False,Default,Default,Default,Default,Default,Default,Default,Default,Default,25.0000 ms,Default,Default,Default,Default,Default,Default,Default,16,Default,100,520.2533 ns,10.3654 ns,10.6445 ns,519.7556 ns
S128_Copy,Job-BDDEHZ,False,Default,Default,Default,Default,Default,Default,11111111,Empty,RyuJit,Default,X64,8c5e7fda-e8bf-4a96-9a85-a6e23a8c635c,.NET 7.0,False,True,False,True,Default,Default,False,False,False,Default,Default,Default,Default,Default,Default,Default,Default,Default,25.0000 ms,Default,Default,Default,Default,Default,Default,Default,16,Default,100,"1,086.4029 ns",21.5682 ns,38.8919 ns,"1,086.1990 ns"
S256_Ref,Job-BDDEHZ,False,Default,Default,Default,Default,Default,Default,11111111,Empty,RyuJit,Default,X64,8c5e7fda-e8bf-4a96-9a85-a6e23a8c635c,.NET 7.0,False,True,False,True,Default,Default,False,False,False,Default,Default,Default,Default,Default,Default,Default,Default,Default,25.0000 ms,Default,Default,Default,Default,Default,Default,Default,16,Default,100,931.3086 ns,18.4962 ns,24.0503 ns,928.8284 ns
S256_Copy,Job-BDDEHZ,False,Default,Default,Default,Default,Default,Default,11111111,Empty,RyuJit,Default,X64,8c5e7fda-e8bf-4a96-9a85-a6e23a8c635c,.NET 7.0,False,True,False,True,Default,Default,False,False,False,Default,Default,Default,Default,Default,Default,Default,Default,Default,25.0000 ms,Default,Default,Default,Default,Default,Default,Default,16,Default,100,"1,567.1490 ns",31.2069 ns,46.7090 ns,"1,569.2972 ns"
S8M_Ref,Job-BDDEHZ,False,Default,Default,Default,Default,Default,Default,11111111,Empty,RyuJit,Default,X64,8c5e7fda-e8bf-4a96-9a85-a6e23a8c635c,.NET 7.0,False,True,False,True,Default,Default,False,False,False,Default,Default,Default,Default,Default,Default,Default,Default,Default,25.0000 ms,Default,Default,Default,Default,Default,Default,Default,16,Default,100,120.3245 ns,2.2366 ns,4.5687 ns,118.4565 ns
S8M_Copy,Job-BDDEHZ,False,Default,Default,Default,Default,Default,Default,11111111,Empty,RyuJit,Default,X64,8c5e7fda-e8bf-4a96-9a85-a6e23a8c635c,.NET 7.0,False,True,False,True,Default,Default,False,False,False,Default,Default,Default,Default,Default,Default,Default,Default,Default,25.0000 ms,Default,Default,Default,Default,Default,Default,Default,16,Default,100,106.7858 ns,2.1591 ns,3.8378 ns,106.9989 ns
S16M_Ref,Job-BDDEHZ,False,Default,Default,Default,Default,Default,Default,11111111,Empty,RyuJit,Default,X64,8c5e7fda-e8bf-4a96-9a85-a6e23a8c635c,.NET 7.0,False,True,False,True,Default,Default,False,False,False,Default,Default,Default,Default,Default,Default,Default,Default,Default,25.0000 ms,Default,Default,Default,Default,Default,Default,Default,16,Default,100,100.0136 ns,2.0270 ns,4.6166 ns,99.3270 ns
S16M_Copy,Job-BDDEHZ,False,Default,Default,Default,Default,Default,Default,11111111,Empty,RyuJit,Default,X64,8c5e7fda-e8bf-4a96-9a85-a6e23a8c635c,.NET 7.0,False,True,False,True,Default,Default,False,False,False,Default,Default,Default,Default,Default,Default,Default,Default,Default,25.0000 ms,Default,Default,Default,Default,Default,Default,Default,16,Default,100,159.5389 ns,12.6935 ns,37.4271 ns,140.6712 ns
S32M_Ref,Job-BDDEHZ,False,Default,Default,Default,Default,Default,Default,11111111,Empty,RyuJit,Default,X64,8c5e7fda-e8bf-4a96-9a85-a6e23a8c635c,.NET 7.0,False,True,False,True,Default,Default,False,False,False,Default,Default,Default,Default,Default,Default,Default,Default,Default,25.0000 ms,Default,Default,Default,Default,Default,Default,Default,16,Default,100,193.7006 ns,14.8602 ns,43.8156 ns,185.9158 ns
S32M_Copy,Job-BDDEHZ,False,Default,Default,Default,Default,Default,Default,11111111,Empty,RyuJit,Default,X64,8c5e7fda-e8bf-4a96-9a85-a6e23a8c635c,.NET 7.0,False,True,False,True,Default,Default,False,False,False,Default,Default,Default,Default,Default,Default,Default,Default,Default,25.0000 ms,Default,Default,Default,Default,Default,Default,Default,16,Default,100,208.3926 ns,4.1914 ns,8.4668 ns,208.6577 ns
S64M_Ref,Job-BDDEHZ,False,Default,Default,Default,Default,Default,Default,11111111,Empty,RyuJit,Default,X64,8c5e7fda-e8bf-4a96-9a85-a6e23a8c635c,.NET 7.0,False,True,False,True,Default,Default,False,False,False,Default,Default,Default,Default,Default,Default,Default,Default,Default,25.0000 ms,Default,Default,Default,Default,Default,Default,Default,16,Default,100,228.5650 ns,4.4960 ns,6.9997 ns,226.9818 ns
S64M_Copy,Job-BDDEHZ,False,Default,Default,Default,Default,Default,Default,11111111,Empty,RyuJit,Default,X64,8c5e7fda-e8bf-4a96-9a85-a6e23a8c635c,.NET 7.0,False,True,False,True,Default,Default,False,False,False,Default,Default,Default,Default,Default,Default,Default,Default,Default,25.0000 ms,Default,Default,Default,Default,Default,Default,Default,16,Default,100,308.2747 ns,6.0039 ns,8.2183 ns,306.1588 ns
S128M_Ref,Job-BDDEHZ,False,Default,Default,Default,Default,Default,Default,11111111,Empty,RyuJit,Default,X64,8c5e7fda-e8bf-4a96-9a85-a6e23a8c635c,.NET 7.0,False,True,False,True,Default,Default,False,False,False,Default,Default,Default,Default,Default,Default,Default,Default,Default,25.0000 ms,Default,Default,Default,Default,Default,Default,Default,16,Default,100,527.6351 ns,10.5540 ns,20.8325 ns,525.8523 ns
S128M_Copy,Job-BDDEHZ,False,Default,Default,Default,Default,Default,Default,11111111,Empty,RyuJit,Default,X64,8c5e7fda-e8bf-4a96-9a85-a6e23a8c635c,.NET 7.0,False,True,False,True,Default,Default,False,False,False,Default,Default,Default,Default,Default,Default,Default,Default,Default,25.0000 ms,Default,Default,Default,Default,Default,Default,Default,16,Default,100,"1,130.8020 ns",22.4571 ns,26.7336 ns,"1,133.3684 ns"
S256M_Ref,Job-BDDEHZ,False,Default,Default,Default,Default,Default,Default,11111111,Empty,RyuJit,Default,X64,8c5e7fda-e8bf-4a96-9a85-a6e23a8c635c,.NET 7.0,False,True,False,True,Default,Default,False,False,False,Default,Default,Default,Default,Default,Default,Default,Default,Default,25.0000 ms,Default,Default,Default,Default,Default,Default,Default,16,Default,100,957.5990 ns,18.7344 ns,33.7820 ns,961.7148 ns
S256M_Copy,Job-BDDEHZ,False,Default,Default,Default,Default,Default,Default,11111111,Empty,RyuJit,Default,X64,8c5e7fda-e8bf-4a96-9a85-a6e23a8c635c,.NET 7.0,False,True,False,True,Default,Default,False,False,False,Default,Default,Default,Default,Default,Default,Default,Default,Default,25.0000 ms,Default,Default,Default,Default,Default,Default,Default,16,Default,100,"1,612.1806 ns",31.7321 ns,47.4951 ns,"1,618.1856 ns"
S8_NoOp_Ref,Job-BDDEHZ,False,Default,Default,Default,Default,Default,Default,11111111,Empty,RyuJit,Default,X64,8c5e7fda-e8bf-4a96-9a85-a6e23a8c635c,.NET 7.0,False,True,False,True,Default,Default,False,False,False,Default,Default,Default,Default,Default,Default,Default,Default,Default,25.0000 ms,Default,Default,Default,Default,Default,Default,Default,16,Default,100,106.9589 ns,3.9630 ns,11.0472 ns,104.4686 ns
S8_NoOp_Copy,Job-BDDEHZ,False,Default,Default,Default,Default,Default,Default,11111111,Empty,RyuJit,Default,X64,8c5e7fda-e8bf-4a96-9a85-a6e23a8c635c,.NET 7.0,False,True,False,True,Default,Default,False,False,False,Default,Default,Default,Default,Default,Default,Default,Default,Default,25.0000 ms,Default,Default,Default,Default,Default,Default,Default,16,Default,100,95.9664 ns,1.2352 ns,1.4225 ns,95.8060 ns
S16_NoOp_Ref,Job-BDDEHZ,False,Default,Default,Default,Default,Default,Default,11111111,Empty,RyuJit,Default,X64,8c5e7fda-e8bf-4a96-9a85-a6e23a8c635c,.NET 7.0,False,True,False,True,Default,Default,False,False,False,Default,Default,Default,Default,Default,Default,Default,Default,Default,25.0000 ms,Default,Default,Default,Default,Default,Default,Default,16,Default,100,120.8131 ns,2.4275 ns,4.6185 ns,120.2067 ns
S16_NoOp_Copy,Job-BDDEHZ,False,Default,Default,Default,Default,Default,Default,11111111,Empty,RyuJit,Default,X64,8c5e7fda-e8bf-4a96-9a85-a6e23a8c635c,.NET 7.0,False,True,False,True,Default,Default,False,False,False,Default,Default,Default,Default,Default,Default,Default,Default,Default,25.0000 ms,Default,Default,Default,Default,Default,Default,Default,16,Default,100,122.1586 ns,2.4350 ns,4.9742 ns,120.8012 ns
S32_NoOp_Ref,Job-BDDEHZ,False,Default,Default,Default,Default,Default,Default,11111111,Empty,RyuJit,Default,X64,8c5e7fda-e8bf-4a96-9a85-a6e23a8c635c,.NET 7.0,False,True,False,True,Default,Default,False,False,False,Default,Default,Default,Default,Default,Default,Default,Default,Default,25.0000 ms,Default,Default,Default,Default,Default,Default,Default,16,Default,100,111.9453 ns,3.8836 ns,11.1427 ns,109.0815 ns
S32_NoOp_Copy,Job-BDDEHZ,False,Default,Default,Default,Default,Default,Default,11111111,Empty,RyuJit,Default,X64,8c5e7fda-e8bf-4a96-9a85-a6e23a8c635c,.NET 7.0,False,True,False,True,Default,Default,False,False,False,Default,Default,Default,Default,Default,Default,Default,Default,Default,25.0000 ms,Default,Default,Default,Default,Default,Default,Default,16,Default,100,129.0271 ns,2.9113 ns,8.5383 ns,128.0166 ns
S64_NoOp_Ref,Job-BDDEHZ,False,Default,Default,Default,Default,Default,Default,11111111,Empty,RyuJit,Default,X64,8c5e7fda-e8bf-4a96-9a85-a6e23a8c635c,.NET 7.0,False,True,False,True,Default,Default,False,False,False,Default,Default,Default,Default,Default,Default,Default,Default,Default,25.0000 ms,Default,Default,Default,Default,Default,Default,Default,16,Default,100,108.2142 ns,2.4102 ns,6.7584 ns,108.2288 ns
S64_NoOp_Copy,Job-BDDEHZ,False,Default,Default,Default,Default,Default,Default,11111111,Empty,RyuJit,Default,X64,8c5e7fda-e8bf-4a96-9a85-a6e23a8c635c,.NET 7.0,False,True,False,True,Default,Default,False,False,False,Default,Default,Default,Default,Default,Default,Default,Default,Default,25.0000 ms,Default,Default,Default,Default,Default,Default,Default,16,Default,100,134.1763 ns,4.0334 ns,11.4422 ns,132.0759 ns
S128_NoOp_Ref,Job-BDDEHZ,False,Default,Default,Default,Default,Default,Default,11111111,Empty,RyuJit,Default,X64,8c5e7fda-e8bf-4a96-9a85-a6e23a8c635c,.NET 7.0,False,True,False,True,Default,Default,False,False,False,Default,Default,Default,Default,Default,Default,Default,Default,Default,25.0000 ms,Default,Default,Default,Default,Default,Default,Default,16,Default,100,151.7881 ns,2.9889 ns,3.5581 ns,151.3896 ns
S128_NoOp_Copy,Job-BDDEHZ,False,Default,Default,Default,Default,Default,Default,11111111,Empty,RyuJit,Default,X64,8c5e7fda-e8bf-4a96-9a85-a6e23a8c635c,.NET 7.0,False,True,False,True,Default,Default,False,False,False,Default,Default,Default,Default,Default,Default,Default,Default,Default,25.0000 ms,Default,Default,Default,Default,Default,Default,Default,16,Default,100,915.3010 ns,17.1522 ns,39.0643 ns,901.7821 ns
S256_NoOp_Ref,Job-BDDEHZ,False,Default,Default,Default,Default,Default,Default,11111111,Empty,RyuJit,Default,X64,8c5e7fda-e8bf-4a96-9a85-a6e23a8c635c,.NET 7.0,False,True,False,True,Default,Default,False,False,False,Default,Default,Default,Default,Default,Default,Default,Default,Default,25.0000 ms,Default,Default,Default,Default,Default,Default,Default,16,Default,100,198.8834 ns,3.9881 ns,6.3256 ns,197.8679 ns
S256_NoOp_Copy,Job-BDDEHZ,False,Default,Default,Default,Default,Default,Default,11111111,Empty,RyuJit,Default,X64,8c5e7fda-e8bf-4a96-9a85-a6e23a8c635c,.NET 7.0,False,True,False,True,Default,Default,False,False,False,Default,Default,Default,Default,Default,Default,Default,Default,Default,25.0000 ms,Default,Default,Default,Default,Default,Default,Default,16,Default,100,973.8922 ns,19.3207 ns,34.8392 ns,961.4166 ns
S8_Ref,Job-BDDEHZ,False,Default,Default,Default,Default,Default,Default,11111111,Empty,RyuJit,Default,X64,8c5e7fda-e8bf-4a96-9a85-a6e23a8c635c,.NET 7.0,False,True,False,True,Default,Default,False,False,False,Default,Default,Default,Default,Default,Default,Default,Default,Default,25.0000 ms,Default,Default,Default,Default,Default,Default,Default,16,Default,1000,940.5334 ns,18.8419 ns,38.9118 ns,928.0736 ns
S8_Copy,Job-BDDEHZ,False,Default,Default,Default,Default,Default,Default,11111111,Empty,RyuJit,Default,X64,8c5e7fda-e8bf-4a96-9a85-a6e23a8c635c,.NET 7.0,False,True,False,True,Default,Default,False,False,False,Default,Default,Default,Default,Default,Default,Default,Default,Default,25.0000 ms,Default,Default,Default,Default,Default,Default,Default,16,Default,1000,952.3764 ns,18.9051 ns,47.4293 ns,935.6081 ns
S16_Ref,Job-BDDEHZ,False,Default,Default,Default,Default,Default,Default,11111111,Empty,RyuJit,Default,X64,8c5e7fda-e8bf-4a96-9a85-a6e23a8c635c,.NET 7.0,False,True,False,True,Default,Default,False,False,False,Default,Default,Default,Default,Default,Default,Default,Default,Default,25.0000 ms,Default,Default,Default,Default,Default,Default,Default,16,Default,1000,969.2412 ns,19.1607 ns,47.0015 ns,974.1829 ns
S16_Copy,Job-BDDEHZ,False,Default,Default,Default,Default,Default,Default,11111111,Empty,RyuJit,Default,X64,8c5e7fda-e8bf-4a96-9a85-a6e23a8c635c,.NET 7.0,False,True,False,True,Default,Default,False,False,False,Default,Default,Default,Default,Default,Default,Default,Default,Default,25.0000 ms,Default,Default,Default,Default,Default,Default,Default,16,Default,1000,"1,211.1630 ns",23.9250 ns,48.3297 ns,"1,221.9329 ns"
S32_Ref,Job-BDDEHZ,False,Default,Default,Default,Default,Default,Default,11111111,Empty,RyuJit,Default,X64,8c5e7fda-e8bf-4a96-9a85-a6e23a8c635c,.NET 7.0,False,True,False,True,Default,Default,False,False,False,Default,Default,Default,Default,Default,Default,Default,Default,Default,25.0000 ms,Default,Default,Default,Default,Default,Default,Default,16,Default,1000,"1,628.6207 ns",109.9244 ns,324.1146 ns,"1,448.6814 ns"
S32_Copy,Job-BDDEHZ,False,Default,Default,Default,Default,Default,Default,11111111,Empty,RyuJit,Default,X64,8c5e7fda-e8bf-4a96-9a85-a6e23a8c635c,.NET 7.0,False,True,False,True,Default,Default,False,False,False,Default,Default,Default,Default,Default,Default,Default,Default,Default,25.0000 ms,Default,Default,Default,Default,Default,Default,Default,16,Default,1000,"2,322.0547 ns",67.6142 ns,193.9979 ns,"2,312.2517 ns"
S64_Ref,Job-BDDEHZ,False,Default,Default,Default,Default,Default,Default,11111111,Empty,RyuJit,Default,X64,8c5e7fda-e8bf-4a96-9a85-a6e23a8c635c,.NET 7.0,False,True,False,True,Default,Default,False,False,False,Default,Default,Default,Default,Default,Default,Default,Default,Default,25.0000 ms,Default,Default,Default,Default,Default,Default,Default,16,Default,1000,"2,125.6720 ns",41.1637 ns,34.3736 ns,"2,126.8466 ns"
S64_Copy,Job-BDDEHZ,False,Default,Default,Default,Default,Default,Default,11111111,Empty,RyuJit,Default,X64,8c5e7fda-e8bf-4a96-9a85-a6e23a8c635c,.NET 7.0,False,True,False,True,Default,Default,False,False,False,Default,Default,Default,Default,Default,Default,Default,Default,Default,25.0000 ms,Default,Default,Default,Default,Default,Default,Default,16,Default,1000,"3,343.8467 ns",64.8696 ns,79.6657 ns,"3,350.6981 ns"
S128_Ref,Job-BDDEHZ,False,Default,Default,Default,Default,Default,Default,11111111,Empty,RyuJit,Default,X64,8c5e7fda-e8bf-4a96-9a85-a6e23a8c635c,.NET 7.0,False,True,False,True,Default,Default,False,False,False,Default,Default,Default,Default,Default,Default,Default,Default,Default,25.0000 ms,Default,Default,Default,Default,Default,Default,Default,16,Default,1000,"5,269.1071 ns",103.5644 ns,191.9633 ns,"5,348.6413 ns"
S128_Copy,Job-BDDEHZ,False,Default,Default,Default,Default,Default,Default,11111111,Empty,RyuJit,Default,X64,8c5e7fda-e8bf-4a96-9a85-a6e23a8c635c,.NET 7.0,False,True,False,True,Default,Default,False,False,False,Default,Default,Default,Default,Default,Default,Default,Default,Default,25.0000 ms,Default,Default,Default,Default,Default,Default,Default,16,Default,1000,"10,753.9286 ns",213.5022 ns,350.7902 ns,"10,690.6250 ns"
S256_Ref,Job-BDDEHZ,False,Default,Default,Default,Default,Default,Default,11111111,Empty,RyuJit,Default,X64,8c5e7fda-e8bf-4a96-9a85-a6e23a8c635c,.NET 7.0,False,True,False,True,Default,Default,False,False,False,Default,Default,Default,Default,Default,Default,Default,Default,Default,25.0000 ms,Default,Default,Default,Default,Default,Default,Default,16,Default,1000,"8,925.1392 ns",177.8972 ns,504.6648 ns,"8,781.2500 ns"
S256_Copy,Job-BDDEHZ,False,Default,Default,Default,Default,Default,Default,11111111,Empty,RyuJit,Default,X64,8c5e7fda-e8bf-4a96-9a85-a6e23a8c635c,.NET 7.0,False,True,False,True,Default,Default,False,False,False,Default,Default,Default,Default,Default,Default,Default,Default,Default,25.0000 ms,Default,Default,Default,Default,Default,Default,Default,16,Default,1000,"15,503.9981 ns",304.2869 ns,635.1600 ns,"15,546.5144 ns"
S8M_Ref,Job-BDDEHZ,False,Default,Default,Default,Default,Default,Default,11111111,Empty,RyuJit,Default,X64,8c5e7fda-e8bf-4a96-9a85-a6e23a8c635c,.NET 7.0,False,True,False,True,Default,Default,False,False,False,Default,Default,Default,Default,Default,Default,Default,Default,Default,25.0000 ms,Default,Default,Default,Default,Default,Default,Default,16,Default,1000,"1,231.2426 ns",24.4471 ns,44.0832 ns,"1,245.4392 ns"
S8M_Copy,Job-BDDEHZ,False,Default,Default,Default,Default,Default,Default,11111111,Empty,RyuJit,Default,X64,8c5e7fda-e8bf-4a96-9a85-a6e23a8c635c,.NET 7.0,False,True,False,True,Default,Default,False,False,False,Default,Default,Default,Default,Default,Default,Default,Default,Default,25.0000 ms,Default,Default,Default,Default,Default,Default,Default,16,Default,1000,973.6589 ns,19.4085 ns,48.6921 ns,977.3390 ns
S16M_Ref,Job-BDDEHZ,False,Default,Default,Default,Default,Default,Default,11111111,Empty,RyuJit,Default,X64,8c5e7fda-e8bf-4a96-9a85-a6e23a8c635c,.NET 7.0,False,True,False,True,Default,Default,False,False,False,Default,Default,Default,Default,Default,Default,Default,Default,Default,25.0000 ms,Default,Default,Default,Default,Default,Default,Default,16,Default,1000,995.3325 ns,10.8562 ns,8.4758 ns,992.1394 ns
S16M_Copy,Job-BDDEHZ,False,Default,Default,Default,Default,Default,Default,11111111,Empty,RyuJit,Default,X64,8c5e7fda-e8bf-4a96-9a85-a6e23a8c635c,.NET 7.0,False,True,False,True,Default,Default,False,False,False,Default,Default,Default,Default,Default,Default,Default,Default,Default,25.0000 ms,Default,Default,Default,Default,Default,Default,Default,16,Default,1000,988.6894 ns,26.3489 ns,72.5726 ns,989.7092 ns
S32M_Ref,Job-BDDEHZ,False,Default,Default,Default,Default,Default,Default,11111111,Empty,RyuJit,Default,X64,8c5e7fda-e8bf-4a96-9a85-a6e23a8c635c,.NET 7.0,False,True,False,True,Default,Default,False,False,False,Default,Default,Default,Default,Default,Default,Default,Default,Default,25.0000 ms,Default,Default,Default,Default,Default,Default,Default,16,Default,1000,"1,352.5001 ns",26.8725 ns,61.2023 ns,"1,359.2056 ns"
S32M_Copy,Job-BDDEHZ,False,Default,Default,Default,Default,Default,Default,11111111,Empty,RyuJit,Default,X64,8c5e7fda-e8bf-4a96-9a85-a6e23a8c635c,.NET 7.0,False,True,False,True,Default,Default,False,False,False,Default,Default,Default,Default,Default,Default,Default,Default,Default,25.0000 ms,Default,Default,Default,Default,Default,Default,Default,16,Default,1000,"2,055.5721 ns",40.6892 ns,107.9020 ns,"2,078.4024 ns"
S64M_Ref,Job-BDDEHZ,False,Default,Default,Default,Default,Default,Default,11111111,Empty,RyuJit,Default,X64,8c5e7fda-e8bf-4a96-9a85-a6e23a8c635c,.NET 7.0,False,True,False,True,Default,Default,False,False,False,Default,Default,Default,Default,Default,Default,Default,Default,Default,25.0000 ms,Default,Default,Default,Default,Default,Default,Default,16,Default,1000,"3,086.7897 ns",322.8578 ns,951.9534 ns,"2,511.2231 ns"
S64M_Copy,Job-BDDEHZ,False,Default,Default,Default,Default,Default,Default,11111111,Empty,RyuJit,Default,X64,8c5e7fda-e8bf-4a96-9a85-a6e23a8c635c,.NET 7.0,False,True,False,True,Default,Default,False,False,False,Default,Default,Default,Default,Default,Default,Default,Default,Default,25.0000 ms,Default,Default,Default,Default,Default,Default,Default,16,Default,1000,"3,111.8841 ns",64.5696 ns,167.8249 ns,"3,112.8270 ns"
S128M_Ref,Job-BDDEHZ,False,Default,Default,Default,Default,Default,Default,11111111,Empty,RyuJit,Default,X64,8c5e7fda-e8bf-4a96-9a85-a6e23a8c635c,.NET 7.0,False,True,False,True,Default,Default,False,False,False,Default,Default,Default,Default,Default,Default,Default,Default,Default,25.0000 ms,Default,Default,Default,Default,Default,Default,Default,16,Default,1000,"5,167.6246 ns",102.7533 ns,140.6499 ns,"5,169.3892 ns"
S128M_Copy,Job-BDDEHZ,False,Default,Default,Default,Default,Default,Default,11111111,Empty,RyuJit,Default,X64,8c5e7fda-e8bf-4a96-9a85-a6e23a8c635c,.NET 7.0,False,True,False,True,Default,Default,False,False,False,Default,Default,Default,Default,Default,Default,Default,Default,Default,25.0000 ms,Default,Default,Default,Default,Default,Default,Default,16,Default,1000,"10,579.8099 ns",209.5370 ns,361.4411 ns,"10,638.4722 ns"
S256M_Ref,Job-BDDEHZ,False,Default,Default,Default,Default,Default,Default,11111111,Empty,RyuJit,Default,X64,8c5e7fda-e8bf-4a96-9a85-a6e23a8c635c,.NET 7.0,False,True,False,True,Default,Default,False,False,False,Default,Default,Default,Default,Default,Default,Default,Default,Default,25.0000 ms,Default,Default,Default,Default,Default,Default,Default,16,Default,1000,"8,998.9517 ns",178.9538 ns,435.5982 ns,"8,998.6111 ns"
S256M_Copy,Job-BDDEHZ,False,Default,Default,Default,Default,Default,Default,11111111,Empty,RyuJit,Default,X64,8c5e7fda-e8bf-4a96-9a85-a6e23a8c635c,.NET 7.0,False,True,False,True,Default,Default,False,False,False,Default,Default,Default,Default,Default,Default,Default,Default,Default,25.0000 ms,Default,Default,Default,Default,Default,Default,Default,16,Default,1000,"14,902.3538 ns",290.7955 ns,378.1163 ns,"14,764.5433 ns"
S8_NoOp_Ref,Job-BDDEHZ,False,Default,Default,Default,Default,Default,Default,11111111,Empty,RyuJit,Default,X64,8c5e7fda-e8bf-4a96-9a85-a6e23a8c635c,.NET 7.0,False,True,False,True,Default,Default,False,False,False,Default,Default,Default,Default,Default,Default,Default,Default,Default,25.0000 ms,Default,Default,Default,Default,Default,Default,Default,16,Default,1000,939.1053 ns,18.4315 ns,39.6757 ns,924.7081 ns
S8_NoOp_Copy,Job-BDDEHZ,False,Default,Default,Default,Default,Default,Default,11111111,Empty,RyuJit,Default,X64,8c5e7fda-e8bf-4a96-9a85-a6e23a8c635c,.NET 7.0,False,True,False,True,Default,Default,False,False,False,Default,Default,Default,Default,Default,Default,Default,Default,Default,25.0000 ms,Default,Default,Default,Default,Default,Default,Default,16,Default,1000,928.4692 ns,18.4851 ns,37.3409 ns,915.0510 ns
S16_NoOp_Ref,Job-BDDEHZ,False,Default,Default,Default,Default,Default,Default,11111111,Empty,RyuJit,Default,X64,8c5e7fda-e8bf-4a96-9a85-a6e23a8c635c,.NET 7.0,False,True,False,True,Default,Default,False,False,False,Default,Default,Default,Default,Default,Default,Default,Default,Default,25.0000 ms,Default,Default,Default,Default,Default,Default,Default,16,Default,1000,960.7989 ns,19.1255 ns,42.7769 ns,970.9734 ns
S16_NoOp_Copy,Job-BDDEHZ,False,Default,Default,Default,Default,Default,Default,11111111,Empty,RyuJit,Default,X64,8c5e7fda-e8bf-4a96-9a85-a6e23a8c635c,.NET 7.0,False,True,False,True,Default,Default,False,False,False,Default,Default,Default,Default,Default,Default,Default,Default,Default,25.0000 ms,Default,Default,Default,Default,Default,Default,Default,16,Default,1000,"1,173.1115 ns",23.2577 ns,49.5642 ns,"1,172.0588 ns"
S32_NoOp_Ref,Job-BDDEHZ,False,Default,Default,Default,Default,Default,Default,11111111,Empty,RyuJit,Default,X64,8c5e7fda-e8bf-4a96-9a85-a6e23a8c635c,.NET 7.0,False,True,False,True,Default,Default,False,False,False,Default,Default,Default,Default,Default,Default,Default,Default,Default,25.0000 ms,Default,Default,Default,Default,Default,Default,Default,16,Default,1000,958.3480 ns,19.1102 ns,36.8189 ns,961.2481 ns
S32_NoOp_Copy,Job-BDDEHZ,False,Default,Default,Default,Default,Default,Default,11111111,Empty,RyuJit,Default,X64,8c5e7fda-e8bf-4a96-9a85-a6e23a8c635c,.NET 7.0,False,True,False,True,Default,Default,False,False,False,Default,Default,Default,Default,Default,Default,Default,Default,Default,25.0000 ms,Default,Default,Default,Default,Default,Default,Default,16,Default,1000,"1,153.1063 ns",19.2608 ns,26.3644 ns,"1,152.8667 ns"
S64_NoOp_Ref,Job-BDDEHZ,False,Default,Default,Default,Default,Default,Default,11111111,Empty,RyuJit,Default,X64,8c5e7fda-e8bf-4a96-9a85-a6e23a8c635c,.NET 7.0,False,True,False,True,Default,Default,False,False,False,Default,Default,Default,Default,Default,Default,Default,Default,Default,25.0000 ms,Default,Default,Default,Default,Default,Default,Default,16,Default,1000,968.1915 ns,19.1636 ns,38.7114 ns,978.5396 ns
S64_NoOp_Copy,Job-BDDEHZ,False,Default,Default,Default,Default,Default,Default,11111111,Empty,RyuJit,Default,X64,8c5e7fda-e8bf-4a96-9a85-a6e23a8c635c,.NET 7.0,False,True,False,True,Default,Default,False,False,False,Default,Default,Default,Default,Default,Default,Default,Default,Default,25.0000 ms,Default,Default,Default,Default,Default,Default,Default,16,Default,1000,"1,014.1999 ns",20.6961 ns,58.7115 ns,"1,009.8133 ns"
S128_NoOp_Ref,Job-BDDEHZ,False,Default,Default,Default,Default,Default,Default,11111111,Empty,RyuJit,Default,X64,8c5e7fda-e8bf-4a96-9a85-a6e23a8c635c,.NET 7.0,False,True,False,True,Default,Default,False,False,False,Default,Default,Default,Default,Default,Default,Default,Default,Default,25.0000 ms,Default,Default,Default,Default,Default,Default,Default,16,Default,1000,"1,007.0538 ns",19.7096 ns,34.5198 ns,"1,008.8488 ns"
S128_NoOp_Copy,Job-BDDEHZ,False,Default,Default,Default,Default,Default,Default,11111111,Empty,RyuJit,Default,X64,8c5e7fda-e8bf-4a96-9a85-a6e23a8c635c,.NET 7.0,False,True,False,True,Default,Default,False,False,False,Default,Default,Default,Default,Default,Default,Default,Default,Default,25.0000 ms,Default,Default,Default,Default,Default,Default,Default,16,Default,1000,"8,653.3282 ns",172.8532 ns,212.2792 ns,"8,575.2571 ns"
S256_NoOp_Ref,Job-BDDEHZ,False,Default,Default,Default,Default,Default,Default,11111111,Empty,RyuJit,Default,X64,8c5e7fda-e8bf-4a96-9a85-a6e23a8c635c,.NET 7.0,False,True,False,True,Default,Default,False,False,False,Default,Default,Default,Default,Default,Default,Default,Default,Default,25.0000 ms,Default,Default,Default,Default,Default,Default,Default,16,Default,1000,"1,038.0990 ns",20.4927 ns,35.3490 ns,"1,028.0100 ns"
S256_NoOp_Copy,Job-BDDEHZ,False,Default,Default,Default,Default,Default,Default,11111111,Empty,RyuJit,Default,X64,8c5e7fda-e8bf-4a96-9a85-a6e23a8c635c,.NET 7.0,False,True,False,True,Default,Default,False,False,False,Default,Default,Default,Default,Default,Default,Default,Default,Default,25.0000 ms,Default,Default,Default,Default,Default,Default,Default,16,Default,1000,"8,789.9808 ns",173.9440 ns,290.6213 ns,"8,761.9243 ns"
